Asal,Tujuan,Menit
Rangkasbitung,Maja,18
Maja,Tigaraksa,11
Tigaraksa,Parung Panjang,13
Parung Panjang,Cisauk,8
Cisauk,Serpong,5
Serpong,Sudimara,8
Sudimara,Pondok Ranji,6
Pondok Ranji,Kebayoran,10
Kebayoran,Palmerah,5
Palmerah,TanahAbang_Green,5
Bogor,Bojonggede,12
Bojonggede,Citayam_Utama,5
Citayam_Utama,Depok,7
Depok,Universitas Indonesia,6
Universitas Indonesia,Pasar Minggu,10
Pasar Minggu,Cawang,7
Cawang,Tebet,3
Tebet,Manggarai_Red,4
Manggarai_Red,Cikini,4
Cikini,Gondangdia,2
Gondangdia,Juanda,4
Juanda,Jakarta Kota_Red,7
Nambo,Cibinong,10
Cibinong,Citayam_Nambo,12
Bekasi,Cakung,8
Cakung,Klender,5
Klender,Jatinegara_Manggarai,5
Klender,Jatinegara_Senen,5
Jatinegara_Manggarai,Matraman,3
Matraman,Manggarai_Blue,2
Manggarai_Blue,Sudirman,4
Sudirman,Karet,2
Karet,TanahAbang_Blue,4
TanahAbang_Blue,Duri_Blue,8
Duri_Blue,Angke,4
Angke,Kampung Bandan_Blue,6
Jatinegara_Senen,Pondok Jati,4
Pondok Jati,Krangat,2
Kramat,Gang Sentiong,2
Gang Sentiong,Pasar Senen,3
Pasar Senen,Kampung Bandan_Blue,12
Tangerang,Batu Ceper,5
Batu Ceper,Kalideres,8
Kalideres,Pesing,9
Pesing,Grogol,4
Grogol,Duri_Brown,3
Jakarta Kota_Pink,Kampung Bandan_Pink,4
Kampung Bandan_Pink,Ancol,5
Ancol,Tanjung Priok,9
Manggarai_Red,Manggarai_Blue,10
TanahAbang_Blue,TanahAbang_Green,8
Duri_Blue,Duri_Brown,7
Citayam_Utama,Citayam_Nambo,6
Jatinegara_Manggarai,Jatinegara_Senen,5
Jakarta Kota_Red,Jakarta Kota_Pink,3
Kampung Bandan_Blue,Kampung Bandan_Pink,5